Split	n_correct_desc	n_correct_clade	tot	frac_correct_clade	frac_correct_desc
split_01	52	51	64	0.796875	0.8125
split_02	48	48	64	0.75	0.75
split_03	52	52	64	0.8125	0.8125
split_04	47	47	64	0.734375	0.734375
split_05	56	55	64	0.859375	0.875
split_06	49	49	64	0.765625	0.765625
split_07	50	50	64	0.78125	0.78125
split_08	51	51	64	0.796875	0.796875
split_09	54	54	64	0.84375	0.84375
split_10	46	46	64	0.71875	0.71875
